Inter Business Transfer,تحويل بين الأنشطة
Inter Business Transfers,التحويلات بين الأنشطة
New Inter Business Transfer,تحويل جديد بين الأنشطة
From Business,من نشاط
From Treasury,من خزينة
To Business,إلى نشاط
To Treasury,إلى خزينة
Received By,استلمه
Send Journal Entry,قيد الإرسال
Receipt Journal Entry,قيد الاستلام
Business,النشاط
The cash or wallet account the money leaves.,الخزينة أو المحفظة اللي الفلوس بتخرج منها.
The cash or wallet account the money arrives in.,الخزينة أو المحفظة اللي الفلوس بتوصلها.
Confirm Receipt,تأكيد الاستلام
Confirm that {0} was received in {1}?,تأكيد استلام {0} في {1}؟
"Amount must be greater than zero, got {0}.",المبلغ لازم يكون أكبر من صفر، والمكتوب {0}.
From Business and To Business must be different.,النشاط المرسل والنشاط المستلم لازم يكونوا مختلفين.
Cost Center {0} is a group. Choose a business under it.,{0} مجموعة وليس نشاط. اختار نشاط من اللي تحتها.
From Treasury and To Treasury must be different.,الخزينة المرسلة والخزينة المستلمة لازم يكونوا مختلفين.
{0} is not a treasury. Choose a cash or wallet account.,{0} ليس خزينة. اختار خزينة نقدية أو محفظة.
Period {0} is closed. Choose an open period.,الفترة {0} مقفولة. اختار فترة مفتوحة.
Inter Business Transfer {0}: sent from {1} to {2},تحويل بين الأنشطة {0}: مُرسل من {1} إلى {2}
Inter Business Transfer {0}: received by {1} from {2},تحويل بين الأنشطة {0}: استلمه {1} من {2}
Only a user with the {0} role can confirm receipt.,تأكيد الاستلام لمستخدم معاه صلاحية {0} بس.
{0} is {1}. Only a Sent transfer can be received.,{0} حالته {1}. التأكيد بيكون للتحويل المُرسل بس.
Account '{0}' does not exist for {1}. Run setup_coa.py first.,الحساب '{0}' مش موجود في {1}. شغّل setup_coa.py الأول.
Row {0}: {1} cannot be used in a manual entry. Create an Inter Business Transfer instead.,سطر {0}: مينفعش تستخدم {1} في قيد يدوي. اعمل تحويل بين الأنشطة بدل كده.
{0} cannot be used in a payment. Create an Inter Business Transfer instead.,مينفعش تستخدم {0} في دفعة. اعمل تحويل بين الأنشطة بدل كده.
Academic Period,الفترة الأكاديمية
Total Sales,إجمالي المبيعات
Invoices Count,عدد الفواتير
Outstanding from Customers,المستحق على العملاء
Total Purchases,إجمالي المشتريات
Doctor Agreements,اتفاقيات الأطباء
Sales Trend,اتجاه المبيعات
Revenue by Business,الإيراد حسب النشاط
Stock Value by Warehouse,قيمة المخزون حسب المخزن
Profit per Business,الربح حسب النشاط
Stock & Paper,المخزون والورق
Cash Movements,حركة الخزائن
Who Owes Us,المستحق لنا
Owner Dashboard,لوحة المالك
Transfer Amount,مبلغ التحويل
Receipt Confirmed On,تاريخ تأكيد الاستلام
Receipt Details,بيانات الاستلام
Transfer No.,رقم التحويل
